,title,description,title_tokens,title_tokens_fdist,title_tokens_wsw,title_tokens_stemmed
0,Potensi Tsunami yang Menghantui DKI Jakarta Penampakan di Laut,"Ayo share cerita pengalaman dan upload photo album travelingmu di sini.
Silakan

 Potensi tsunami tengah menghantui Selatan pantai Jawa. Namun, bencana itu juga
berpotensi sampai DKI Jakarta.

 Dalam keterangannya beberapa waktu lalu, Kepala Laboratorium Geodesi Institut
Teknologi Bandung (ITB), Heri Andreas mengatakan dari data Global Navigation
Satellite System (GNSS) terdapat akumulasi energi di bagian megathrust Selat
Sunda sampai selatan Pulau Jawa. Daerah tersebut seperti Pelabuhan Ratu dan
selatan Parangtritis serta selatan Pantai Jawa Timur.

 Dari pemodelan, jika gempa terjadi hingga kekuatan mencapai magnitudo (M) 8,7
sampai 9,0 kemungkinan diikuti tsunami raksasa setinggi 20 meter.

 Selain itu risiko Jakarta terkena tsunami akan lebih besar, dikarenakan
wilayah pesisir sudah berada di bawah laut hingga minus 1 hingga 2 meter.

 ""Berdasarkan hasil simulasi model, run-up tsunami dapat mencapai sebagian
besar Pluit, Ancol, Gunung Sahari, Kota Tua hingga Gajah Mada. Kalau kita
perhatikan modelnya ternyata nyaris menyentuh Istana,"" ujar Heri dalam
keterangan tertulis seperti dikutip

 Dari pemodelan yang dibuat, peran tanggul untuk laut Jakarta sangat penting.
Ini bisa berfungsi untuk melindungi Jakarta dari banjir rob hingga ancaman
tsunami.

 Dia mengatakan fakta ancaman tersebut harus diungkapkan. ""Fakta ini mau tidak
mau harus diungkap, meskipun terkesan menakut-nakuti,"" kata Heri.

 Selain itu masyarakat juga diimbau menyikapi risiko tersebut dengan lebih
bijak dan waspada. Gempa bumi dan tsunami ada bencana alam yang hampir tidak
mungkin dicegah.

 Sebelumnya juga terdapat prediksi potensi gempa besar dan tsunami setinggi 29
meter. Ini diperkirakan akan terjadi di wilayah pantai selatan Jawa, khususnya
Jawa Timur.

 Selain itu juga pernah ada prediksi dari Tim ITB soal gempa dan tsunami di
pesisir Jawa hingga Selat Sunda. Diperkirakan tsunaminya memiliki tinggi 20
meter.

 Namun menurut Badan Meteorologi, Klimatologi, dan Geofisika (BMKG) belum ada
teknologi yang dapat memprediksi soal gempa dengan tepat dan akurat. Termasuk
soal keakuratan waktu kejadian, tempat dan kekuatan saat gempa terjadi.

 BMKG juga mengatakan tidak pernah mengeluarkan prediksi soal bencana tersebut.
""Sehingga BMKG tidak pernah mengeluarkan informasi prediksi gempa bumi,""
mengutip dari laman resmi BMKG.

 Itulah berita

 ","['Potensi', 'Tsunami', 'yang', 'Menghantui', 'DKI', 'Jakarta', 'Penampakan', 'di', 'Laut']",<FreqDist with 9 samples and 9 outcomes>,<FreqDist with 9 samples and 9 outcomes>,"['potensi', 'tsunami', 'yang', 'hantu', 'dki', 'jakarta', 'tampak', 'di', 'laut']"
1,PDIP Surabaya Berangkatkan Bantuan Kloter Ketiga untuk Korban Erupsi Semeru,"PDIP Surabaya kembali mengirimkan bantuan untuk warga terdampak

 ""Kemanusiaan selalu di atas segala-galanya. PDI Perjuangan bersama masyarakat
dalam suka dan duka. Itulah yang selalu diajarkan Ketua Umum Ibu Megawati
Soekarnoputri. Sehingga kami sekuat tenaga berbela rasa dengan saudara-saudara
kita di sekitar Semeru,"" ujar Taru Sasmito, Bendahara DPC PDI Perjuangan Kota
Surabaya,"" Minggu (12/12/2021).

 Taru mengatakan, bantuan berupa barang-barang kebutuhan sehari-hari. Yang
dihimpun dari gerakan gotong royong keluarga besar PDI Perjuangan se-Kota
Surabaya.

 Taru menyampaikan terima kasih kepada seluruh kader dan pengurus PDIP
Surabaya, mulai di tingkat anak ranting (setara RW), ranting (kelurahan), PAC
(kecamatan), jajaran DPC Kota Surabaya, dan anggota Fraksi PDIP DPRD Surabaya
yang telah bergotong royong membantu warga terdampak erupsi Gunung Semeru.

 Ada pula bantuan gotong royong Komunitas Juang Merah Total (KJMT). Yakni
kader-kader PDI Perjuangan yang bekerja sebagai pekerja kontrak di DPRD
Surabaya.

 ""Juga terima kasih kepada Pak Eri Cahyadi dan Pak Armuji yang telah
mengirimkan bantuan pribadi melalui Kantor DPC PDI Perjuangan. Ada peralatan
mandi, mainan anak-anak, susu dan makanan balita, dan lainnya. Para kader
semakin solid. Tiga pilar partai berjalan kompak. Bergerak rampak dalam satu
barisan membantu warga dalam melintasi masa sulit,"" ujar Taru.

 Bantuan Sabtu kemarin dibagi dua. Pertama, menuju Kantor DPC PDI Perjuangan
Lumajang, yang kemudian akan mendistribusikan ke warga masyarakat yang
terdampak erupsi Semeru. Kedua, dikirim ke Lumajang yang diakses dari jalur
Malang. Bantuan diterima tim Baguna PDI Perjuangan Kabupaten Malang.

 Wakil Ketua DPC PDIP Surabaya Sjukur Amaludin menambahkan, bantuan tahap
ketiga terdiri atas berbagai bahan makanan, makanan siap santap, obat,
vitamin, perlengkapan perempuan, keperluan bayi, susu, makanan bayi, dan
sebagainya. Ada juga ratusan sarung dan selimut. Ada beras, gula, mi instan
dan jenis sembako lainnya. Pengiriman dilakukan dengan menggunakan truk
berukuran besar.

 ""Tim Badan Penanggulangan Bencana (Baguna) PDI Perjuangan Surabaya juga telah
mengadakan bakti sosial kesehatan di desa-desa sekitar Gunung Semeru, untuk
membantu warga masyarakat,"" ujar Amaludin.

 Wakil Sekretaris DPC PDIP Surabaya, Anas Karno menjelaskan, tim Baguna yang
ada di Lumajang berkoordinasi dengan Kantor DPC PDI Perjuangan Kota Surabaya
melalui sambungan video. Mereka melaporkan penyaluran bantuan hingga
pelaksanaan baksos pemeriksaan kesehatan untuk warga.

 ","['PDIP', 'Surabaya', 'Berangkatkan', 'Bantuan', 'Kloter', 'Ketiga', 'untuk', 'Korban', 'Erupsi', 'Semeru']",<FreqDist with 10 samples and 10 outcomes>,<FreqDist with 10 samples and 10 outcomes>,"['pdip', 'surabaya', 'berangkat', 'bantu', 'kloter', 'tiga', 'untuk', 'korban', 'erupsi', 'meru']"
2,Erick Thohir Kerahkan BUMN Bantu Korban Erupsi Gunung Semeru,"Menteri BUMN Erick Thohir mendorong BUMN untuk terlibat membantu meringankan
warga yang terdampak erupsi Gunung Semeru. Dalam kunjungannya ke Jawa Timur,
Erick Thohir, menyerahkan bantuan berupa multivitamin, selimut, sarung,
mukena, handuk hingga minyak goreng.

 ""Semoga bantuan ini dapat sedikit meringankan beban saudara-saudara kita yang
terdampak erupsi,"" kata Erick saat mengunjungi korban erupsi Gunung Semeru,
dalam keterangannya, Minggu (12/12/2021).

 Erick juga meminta BUMN memetakan kebutuhan lain yang juga diperlukan
masyarakat. Erick menilai masyarakat terdampak tentu masih sangat membutuhkan
berbagai bantuan dalam menghadapi dampak erupsi.

 ""Kita minta BUMN segera memetakan apa yang menjadi kebutuhan masyarakat.
Jangan hanya untuk kebutuhan saat ini, tapi juga ke depannya,"" ungkap Erick.

 Dalam kunjungan tersebut, lanjut Erick, BUMN bakal berkolaborasi dengan
Banser, BNPB, TNI dan pemerintah kabupaten dalam membangun fasilitas MCK dan
20 hunian sementara bagi para pengungsi.

 ""Mari kita bersama-sama membantu meringankan masyarakat yang tengah kesulitan
saat ini,"" kata Erick.

 Erick juga memastikan BUMN menindaklanjuti arahan Presiden Joko Widodo
(Jokowi) dalam relokasi hunian sementara bagi warga terdampak erupsi.

 ""Kita sudah meminta BUMN untuk mendata dan menyiapkan relokasi bagi warga
terdampak erupsi,"" kata Erick.

 Erick menyebut Satgas Bencana BUMN wilayah Jawa Timur telah mendirikan lima
posko yang menampung 3.207 pengungsi dengan 138 relawan. Erick menyampaikan
BUMN pun sejak awal telah berkomitmen dalam membantu penanganan erupsi mulai
dari logistik, listrik, sanitasi, tenaga medis, trauma healing, hingga timsar.

 ""BUMN juga akan membangun MCK untuk para pengungsi,"" ucap Erick.

 Tak hanya itu, Eri

 ","['Erick', 'Thohir', 'Kerahkan', 'BUMN', 'Bantu', 'Korban', 'Erupsi', 'Gunung', 'Semeru']",<FreqDist with 9 samples and 9 outcomes>,<FreqDist with 9 samples and 9 outcomes>,"['erick', 'thohir', 'kerah', 'bumn', 'bantu', 'korban', 'erupsi', 'gunung', 'meru']"
3,Potensi Tsunami Raksasa sampai Jakarta Penampakan Langka di Laut,"Ayo share cerita pengalaman dan upload photo album travelingmu di sini.
Silakan

 Ada potensi

 Dalam keterangannya beberapa waktu lalu, Kepala Laboratorium Geodesi Institut
Teknologi Bandung (ITB), Heri Andreas mengatakan dari data Global Navigation
Satellite System (GNSS) terdapat akumulasi energi di bagian megathrust Selat
Sunda sampai selatan Pulau Jawa. Daerah tersebut seperti Pelabuhan Ratu dan
selatan Parangtritis serta selatan Pantai Jawa Timur.

 Dari pemodelan, jika gempa terjadi hingga kekuatan mencapai magnitudo (M) 8,7
sampai 9,0 kemungkinan diikuti tsunami raksasa setinggi 20 meter.

 Selain itu risiko Jakarta terkena tsunami akan lebih besar, dikarenakan
wilayah pesisir sudah berada di bawah laut hingga minus 1 hingga 2 meter.

 ""Berdasarkan hasil simulasi model, run-up tsunami dapat mencapai sebagian
besar Pluit, Ancol, Gunung Sahari, Kota Tua hingga Gajah Mada. Kalau kita
perhatikan modelnya ternyata nyaris menyentuh Istana,"" ujar Heri dalam
keterangan tertulis seperti dikutip detikTravel dari CNBC Indonesia, Kamis
(9/11/2021).

 Dari pemodelan yang dibuat, peran tanggul untuk laut Jakarta sangat penting.
Ini bisa berfungsi untuk melindungi Jakarta dari banjir rob hingga ancaman
tsunami.

 Dia mengatakan fakta ancaman tersebut harus diungkapkan. ""Fakta ini mau tidak
mau harus diungkap, meskipun terkesan menakut-nakuti,"" kata Heri.

 Selain itu masyarakat juga diimbau menyikapi risiko tersebut dengan lebih
bijak dan waspada. Gempa bumi dan tsunami ada bencana alam yang hampir tidak
mungkin dicegah.

 Sebelumnya juga terdapat prediksi potensi gempa besar dan tsunami setinggi 29
meter. Ini diperkirakan akan terjadi di wilayah pantai selatan Jawa, khususnya
Jawa Timur.

 Selain itu juga pernah ada prediksi dari Tim ITB soal gempa dan tsunami di
pesisir Jawa hingga Selat Sunda. Diperkirakan tsunaminya memiliki tinggi 20
meter.

 Namun menurut Badan Meteorologi, Klimatologi, dan Geofisika (BMKG) belum ada
teknologi yang dapat memprediksi soal gempa dengan tepat dan akurat. Termasuk
soal keakuratan waktu kejadian, tempat dan kekuatan saat gempa terjadi.

 BMKG juga mengatakan tidak pernah mengeluarkan prediksi soal bencana tersebut.
""Sehingga BMKG tidak pernah mengeluarkan informasi prediksi gempa bumi,""
mengutip dari laman resmi BMKG.

 Berita selanjutnya adalah sebuah foto laut yang tampaknya biasa. Padahal di
baliknya ada foto paus sperma albino.

 ","['Potensi', 'Tsunami', 'Raksasa', 'sampai', 'Jakarta', 'Penampakan', 'Langka', 'di', 'Laut']",<FreqDist with 9 samples and 9 outcomes>,<FreqDist with 9 samples and 9 outcomes>,"['potensi', 'tsunami', 'raksasa', 'sampai', 'jakarta', 'tampak', 'langka', 'di', 'laut']"
4,Viral Video Merapi Semburkan Awas Panas BPPTKG Beri Penjelasan,"Video

 Dalam video tersebut, tampak guguran awan panas Merapi membumbung tinggi ke
langit. Peristiwa itu diketahui terjadi hari ini Minggu (12/12/2021).

 ""Momen guguran Merapi hari ini, 12 Desember 2021. Merapi

 BPPTKG pun memberikan penjelasan terkait video tersebut. Melalui akun Twitter
@BPPTKG dijelaskan bahwa Gunung Merapi tercatat mengeluarkan awan panas pada
pukul 10.18 WIB.

 ""Awan panas guguran Merapi tanggal 12 Desember 2021 pukul 10.18 WIB tercatat
di seismogram dengan amplitudo 27 mm dan durasi 158 detik. Jarak luncur 2.000
meter ke arah barat daya. Arah angin ke timur,"" tulis akun @BPPTKG.

 BPPTKG menyebut potensi bahaya dapat berupa lava dan awan panas. lokasinya ada
di sektor tenggara barat daya dengan maksimal jarak 3 Km hingga 5 Km.

 ""(Lokasi) meliputi Sungai Kuning, Boyong, Bedog, Krasak, Bebeng dan Putih
sejauh maksimal 5 Km dan pada sektor tenggara Sungai Gendol 3 Km,"" terang
BPPTKG.

 Jika nanti terjadi erupsi eksplosif, lontaran material vulkanik dapat
menjangkau radius 3 kilometer dari puncak Merapi.

 BPPTKG mengimbau masyarakat tidak melakukan aktivitas apapun di sejumlah
lokasi tersebut. Selain itu, BPPTKG juga meminta masyarakat mewaspadai
datangnya lahar jika Merapi diguyur hujan deras.

 BPPTKG merekomendasikan agar penambangan di alur sungai yang berhulu di Gunung
Merapi dalam Kawasan Rawan Bencana (KRB) III saat ini dihentikan. Selain itu,
pelaku wisata juga diminta tidak melakukan kegiatan pada daerah potensi bahaya
dan bukaan kawan sejauh 5 kilometer dari puncak Merapi.

 ""Jika terjadi perubahan aktivitas yang signifikan, maka status aktivitas
Gunung Merapi akan segera ditinjau kembali,"" jelas BPPTKG.

 ","['Viral', 'Video', 'Merapi', 'Semburkan', 'Awas', 'Panas', 'BPPTKG', 'Beri', 'Penjelasan']",<FreqDist with 9 samples and 9 outcomes>,<FreqDist with 9 samples and 9 outcomes>,"['viral', 'video', 'rapi', 'sembur', 'awas', 'panas', 'bpptkg', 'beri', 'jelas']"
5,Berstatus Waspada Gunung Semeru Masih Berpotensi Muntahkan Awan Panas,"Aktivitas Gunung Semeru

 ""Pasca kejadian awan panas guguran yang terkahir pada 7 desmeber 2021,
pemantauan visual dan kegempaan berfluktuatif awan panas guguran masih
berpotensi terjadi seiring dengan guguran yang hingga pukul 12 tadi siang
masih teramati,"" ujar Kepala Pusat Vulkanologi dan Mitigasi Bencana Geologi,
Badan Geologi, Kementerian Energi dan Sumber Daya Mineral, Andiani dalam
konferensi pers, Minggu (12/12/2021).

 Selain itu, Andiani menyebut

 ""Secara visual teramati aktivitas pusat asap putih tebal dari kawah Jonggring
Saloko dengan tinggi 500-1000 meter. Potensi bahaya lain yang mengancam saat
ini adalah aliran lahar karena memasuki musim penghujan yg diperkirakan akan
berlangusung selama 3 bulan ke depan,"" tutur Andiani.

 Lebih lanjut, Andiani memperingatkan masyarakat sekitar agar tidak
beraktivitas di radius 1 Km dari puncak kawah. Dia juga meminta masyarakat
mewaspadai akan terjadinya potensi guguran awan panas, guguran lahar dan lava.

 ""Mewaspadai potensi awan panas guguran, guguran lahar dan aliran lava
sepanjang sungai atau lembah yang berhulu di puncak Gunung Semeru. Terutama
sepanjang aliran sungai Besuk Kobokan, Besuk Kembang dan Besuk Sat, serta
potensi lahar pada anak-anak sungai kecil yang bersumber pada Sungai Kobokan,""
tutur Andiani.

 ","['Berstatus', 'Waspada', 'Gunung', 'Semeru', 'Masih', 'Berpotensi', 'Muntahkan', 'Awan', 'Panas']",<FreqDist with 9 samples and 9 outcomes>,<FreqDist with 9 samples and 9 outcomes>,"['status', 'waspada', 'gunung', 'meru', 'masih', 'potensi', 'muntah', 'awan', 'panas']"
6,Tunjukkan Empatimu Jangan Selfie di Area Terdampak Erupsi Semeru,"Ayo share cerita pengalaman dan upload photo album travelingmu di sini.
Silakan

 Korban erupsi

 Kejengkelan itu muncul setelah ada video yang menunjukkan tiga remaja putri
dan warga asyik berselfi ria. Mereka tertawa dan bergaya di sungai aliran
lahar dari Gunung Semeru.

 Aksi itu dinilai tidak terpuji. Saat ini, korban bencana erupsi Gunung Semeru
masih berduka. Ada korban meninggal dunia, hilang, dan terluka. Secara
bersamaan mereka tetap harus waspada dengan erupsi sekunder dan ancaman
pencuri.

 ""Kami berharap petugas yang berjaga di lokasi untuk melakukan penertiban dan
pelarangan warga, yang hanya datang untuk foto dan video kecuali wartawan yang
sedang melakukan tugas jurnalistiknya,"" ujar warga Dusun Renteng Kecamatan
Candipuro, Sabtu (11/12/2021).

 Mereka juga menyayangkan banyaknya masyarakat yang juga melakukan selfie di
beberapa tempat. Di antaranya di lima dusun di Lumajang, Jawa Timur, yakni,
Dusun Kamar Kajang, Renteng, Gondeli di Kecamatan Candipuro, dan Dusun Kajar
Kuning, Dusun Curah Kobokan masuk zona merah bencana erupsi

 Kejengkelan juga doungkapkan Rohman, warga Dusun Renteng. Dia menilai ulah
wisatawan itu sangat menyakitkan. Luka derita korban erupsi masih belum
sembuh.

 ""Kami berharap petugas melarang keras, warga yang datang hanya untuk melihat
dan asik berfoto ria, masak pantas orang kesusahan malah dibuat ajang wisata""
kata Rohman.

 Korban dan warga terdampak erupsi

 ","['Tunjukkan', 'Empatimu', 'Jangan', 'Selfie', 'di', 'Area', 'Terdampak', 'Erupsi', 'Semeru']",<FreqDist with 9 samples and 9 outcomes>,<FreqDist with 9 samples and 9 outcomes>,"['tunjuk', 'empati', 'jangan', 'selfie', 'di', 'area', 'dampak', 'erupsi', 'meru']"
7,Ormas MKGR Beri Beasiswa Ribuan Pelajar Terdampak Erupsi Semeru,"Organisasi sayap Partai Golkar yakni Ormas Musyawarah Kekeluargaan Gotong
Royong (MKGR) turut membantu korban bencana alam erupsi Gunung Semeru, di
Lumajang, Jatim. Salah satunya dengan menyalurkan bantuan beasiswa kepada
5.000 siswa terdampak.

 Beasiswa ini disalurkan lewat PIP (Program Indonesia Pintar) untuk siswa dari
tingkat SD, SMP, SMA/K sederajat. Kemudian ada pula KIP (kartu Indonesia
Pintar) untuk 1.000 mahasiswa di perguruan tinggi dari semester satu hingga
lulus S1.

 ""Program bantuan beasiswa in kami harapkan bisa membantu para korban, terutama
dari sisi pendidikan yang tentu akan bisa membantu kehidupan mereka nanti
menjadi lebih baik,"" kata Ketua Umum MKGR Adies Kadir dalam keterangan
tertulis, Minggu (12/12/2021).

 Secara teknis program beasiswa ini dikoordinasikan dengan Ketua DPD MKGR
Lumajang, Fudoli Sandra. Bantuan beasiswa tersebut secara simbolis diterima
oleh Kepala Sekolah SMPN 2 Pasirian Lumajang.

 Rombongan MKGR yang dipimpin oleh Adies Kadir bersama Meutya Hafid, Nurul
Arifin, Dyah Roro Esti dan Purnomo Sidi dari Fraksi Partai Golkar langsung
datang ke sekolah tersebut untuk menyalurkan bantuan secara langsung dan
mendengarkan keluhan warga masyarakat di sana.

 ""Mereka berharap perhatian dari pemerintah pusat soal relokasi dan bantuan-
bantuan yang terkait dengan infrastruktur, agar mereka dapat kembali
beraktivitas,"" imbuh Adies Kadir.

 Selain bantuan beasiswa, MKGR juga memberikan bantuan berupa barang kebutuhan
yang sangat mendesak. Mulai dari makanan dan minuman, hingga selimut untuk
para pengungsi, yang jumlahnya cukup banyak.

 ""Ini wujud tindak lanjut kami untuk memenuhi seruan dari Ketua Umum Golkar,
Airlangga Hartarto agar seluruh elemen Golkar membantu korban bencana Semeru,""
ujar Adies Kadir.

 Pekan lalu, sesaat setelah erupsi Gunung Semeru, Airlangga, memang langsung
memerintahkan seluruh elemen partai beringin membantu korban bencana tersebut.
Yellow Clinic Golkar juga sudah berada di lokasi terdampak erupsi Semeru untuk
langsung membantu korban.

 ","['Ormas', 'MKGR', 'Beri', 'Beasiswa', 'Ribuan', 'Pelajar', 'Terdampak', 'Erupsi', 'Semeru']",<FreqDist with 9 samples and 9 outcomes>,<FreqDist with 9 samples and 9 outcomes>,"['ormas', 'mkgr', 'beri', 'beasiswa', 'ribu', 'ajar', 'dampak', 'erupsi', 'meru']"
8,Kota Ini Dulu Sempat Ada di Dunia Bagaimana dengan Sekarang,"Dalam sejarah peradaban, ada

 Kota-kota itu hilang di antaranya karena perang, bencana alam, dan
ditinggalkan penduduknya. Mau tahu apa saja kota yang dimaksud?

 Dikatakan dalam Atlas Obscura, Termessos adalah kota di Turki yang populer
dengan nama Sarang Elang. Kota ini ada di ketinggian 1.000 meter di atas
gunung.

 Dahulu, Alexander Agung dari Yunani yang terus menaklukkan Asia itu memilih
tidak ke kota tersebut. Dalam riwayatnya,

 Pada era kekaisaran Romawi, Kota Baia di Italia adalah kota yang digunakan
untuk bersenang-senang. Orang-orang yang berlibur ke sana akan mengunjungi
villa dan spa.

 Baia kemudian ambles ke dalam tanah. Namun, kota dekat Naples itu masih bisa
dikunjungi menggunakan kapal kaca atau scuba diving sebagai tempat wisata di
bawah air.

 Kota Nan Madol berada di Pohnpei, Micronesia. Dinasti Saudeleur di circa abad
ke-9 mendirikan kota yang dijuluki Venice dari Pasifik tersebut.

 Nan Madol mempunyai jejak dinding batu dari balik permukaan laut dan 90 pulau
artifisial. Saat masih aktif, kota tersebut digunakan Dinasti Saudeleur untuk
berdagang antarpulau. Namun, pemerintahan tirani itu juga menuntut upeti bahan
makanan dari pulau lainnya.

 Menurut Time, Nan Madol ditinggalkan saat pertengahan abad ke-9 dengan musabab
yang belum diketahui. Para arkeolog harus berlomba dengan waktu sebelum sisa-
sisa Nan Madol digerus air laut.

 Orang Aztec mendirikan Tenochtitlan di kisaran tahun 1325 di Central Meksiko.
Sayangnya, kota ini diruntuhkan kolonial Spanyol pada 1521.

 Orang-orang Mexica Aztec adalah golongan terakhir yang sampai di Lembah
Meksiko. Walau memperoleh lahan rawa, mereka tetap bisa membangun kota dengan
sistem kanal dan dam.

 Peradaban itulah yang akhirnya membentuk kolaborasi dengan dua kota lain untuk
membentuk kekaisaran Aztec, dengan ibu kota Tenochtitlan. Jejak peradaban
Aztec di kota tersebut kini terpendam di bawah Mexico City.

 Kota Palmyra didirikan di dekat oasis gurun di Syria kira-kira 4.000 tahun
lalu. Dulu, Palmyra dijadikan tempat istirahat para pedagang yang membawa
karavan dengan komoditas dagangannya menuju Jalur Sutera.

 Saat pertengahan abad pertama Masehi, Palmyra sempat diduduki Roma, lalu
bergantian dikoloni Amor, Arab, dan Yunani-Roma.

 Kota ini memiliki diversitas yang menyebabkannya menjadi peradaban kaya dan
mempunyai gedung-gedung megah, termasuk juga teater dan tempat ibadah. Di
tahun 273, tentara Kaisar Aurelian menghancurkan Kota Palmyra.

 Kota Geamana terletak di Rumania. Semula, kota tersebut didiami peradaban khas
lembah sampai pemerintah menemukan tembaga pada 1978.

 Para penduduk Kota Geamana lalu dipindahkan dan kotanya dijadikan area
pembuangan limbah tembaga yang beracun. Saat ini, beberapa atap bangunan di
sana masih bisa dilihat dari balik danau limbah beracun.

 Itulah beberapa

 ","['Kota', 'Ini', 'Dulu', 'Sempat', 'Ada', 'di', 'Dunia', 'Bagaimana', 'dengan', 'Sekarang']",<FreqDist with 10 samples and 10 outcomes>,<FreqDist with 10 samples and 10 outcomes>,"['kota', 'ini', 'dulu', 'sempat', 'ada', 'di', 'dunia', 'bagaimana', 'dengan', 'sekarang']"
9,Tornado Ngeri di Kentucky AS Korban Tewas Diperkirakan Orang,"yang menerjang Kentucky,

 Seperti dilansir Reuters dan AFP, Minggu (12/12/2021) terjangan tornado yang
paling mematikan dalam sejarah ini menghancurkan sebuah pabrik lilin, kantor
pemadam kebakaran dan kantor polisi di sebuah kota kecil di Kentucky. Sebuah
panti jompo di Missouri juga hancur. Sementara 6 pekerja di sebuah gudang
milik Amazon di Illinois tewas.

 Gubernur Kentucky Andy Beshear mengatakan kumpulan tornado yang terjadi pada
Jumat (10/12) malam waktu setempat itu adalah yang paling merusak dalam
sejarah di Kentucky. Dia mengatakan sekitar 40 pekerja telah diselamatkan di
pabrik lilin di kota Mayfield, di mana masih ada sekitar 110 orang yang
terperangkap di dalam puing-puing. Pihaknya telah menetapkan keadaan darurat.

 ""Sebelum tengah malam saya telah mengumumkan keadaan darurat,"" kata Gubernur
Kentucky Andy Beshear,

 Selain di Kentucky, 24 tornado dilaporkan terjadi di empat negara bagian
lainnya, yaitu Arkansas, Illinois, Missouri dan Tennessee - menurut Pusat
Prediksi Badai NOAA.

 ""Kehancuran itu tidak seperti apa pun yang saya lihat dalam hidup saya dan
saya kesulitan mengungkapkannya dengan kata-kata,"" kata Beshear pada
konferensi pers. ""Kemungkinan besar lebih dari 100 orang hilang di sini di
Kentucky.""

 Beshear mengatakan 189 personel Garda Nasional telah dikerahkan untuk membantu
pemulihan pasca tornado. Upaya penyelamatan sebagian besar akan difokuskan di
Mayfield, yang paling mengalami kehancuran terbesar.

 Video dan foto yang diposting di media sosial menunjukkan bangunan bata di
pusat kota Mayfield rata dengan tanah, dengan mobil yang diparkir hampir
terkubur di bawah puing-puing. Menara di gedung pengadilan Graves County yang
bersejarah runtuh.

 

 ","['Tornado', 'Ngeri', 'di', 'Kentucky', 'AS', 'Korban', 'Tewas', 'Diperkirakan', 'Orang']",<FreqDist with 9 samples and 9 outcomes>,<FreqDist with 9 samples and 9 outcomes>,"['tornado', 'ngeri', 'di', 'kentucky', 'as', 'korban', 'tewas', 'kira', 'orang']"
10,Yuk ke Wisata Baru di Lereng Merapi Museum Terbuka Bakalan,"Ayo share cerita pengalaman dan upload photo album travelingmu di sini.
Silakan

 Destinasi wisata di Kabupaten Sleman kini semakin bertambah dengan
diresmikannya

 Kepala Dinas Pariwisata Kabupaten Sleman Suparmono mengatakan pembangunan
museum ini sekaligus sebagai tetenger atau penanda erupsi Merapi tahun 2010
dengan tema 'Sirno Jalmo Lenaning Paningal'.

 ""Ini mengandung maksud bahwa masyarakat yang tinggal di sekitar Gunungapi
Merapi memahami akan risiko bencana erupsi Merapi, sehingga kedepannya
diharapkan tidak ada lagi korban karena kealpaan masyarakat itu sendiri,"" kata
Suparmono kepada wartawan, Minggu (12/12/2021).

 Dijelaskan Suparmono, pembangunan museum ini sudah dikerjakan bertahap sejak
2017. Mulai dari pembangunan tulisan 'Sleman Volcanic Park' sebagai penanda
Museum Terbuka Bakalan.

 Selanjutnya pada tahun 2018 Pemkab Sleman melakukan pembelian 7 bidang tanah
dengan keluasan 6.619 meter persegi dengan nilai pembelian Rp 2,6 miliar untuk
pengamanan material erupsi GunungMerapi Tahun 2010.

 Pada tahun 2019, melalui APBD dinas Pariwisata Sleman melakukan pembangunan
akses masuk dan balkon Museum Terbuka Bakalan.

 Selanjutnya pada tahun Anggaran 2020 melalui Dana Alokasi Khusus (DAK) Fisik
Penugasan Bidang Pariwisata dilaksanakan kegiatan Penataan dan Pembenahan
Lingkungan Museum Terbuka Bakalan berupa pembuatan Pergola, penataan lanskap
dan pembuatan toilet.

 Kemudian pada tahun 2021 dinas melakukan penyempurnaan Museum Terbuka Bakalan
berupa pembangunan jalan setapak, pembuatan rambu-rambu penunjuk arah di dalam
kawasan, pembangunan toilet, pembuatan tempat parkir, pembuatan papan
interpretasi, penyediaan fasilitas kebersihan dan penyediaan fasilitas
mitigasi.

 ""Pengelolaan Museum Terbuka Bakalan nantinya akan kami kerjasamakan dengan
Pokmas Penggiat Pariwisata Desa melalui Bumdes Kalurahan Argomulyo agar lebih
dapat menjadi daya ungkit ekonomi masyarakat setempat,"" jelasnya.

 Wisatawan dapat melihat lagi sisa-sisa kedahsyatan erupsi Merapi kala itu
dengan masih berdirinya rangka bangunan yang tersapu awan panas. Selain itu
material vulkanik Merapi seperti pasir dan batu berukuran besar juga masih ada
di sana.

 ""Untuk akselerasi tingkat kunjungan wisatawan ke Museum Terbuka Bakalan kami
juga akan menggandeng Komunitas Jeep Wisata untuk memasukkan trip/jalur jeep
wisata masuk ke Kawasan Museum Terbuka Bakalan,"" ungkapnya.

 Dengan selesainya penyempurnaan destinasi Museum Terbuka Bakalan, Suparmono
berharap dapat memberikan wisata edukasi dan wisata mitigasi bencana. Sehingga
memberikan pengalaman sebagai wisata minat khusus bagi pengunjung yang datang
ke Kabupaten Sleman.

 ","['Yuk', 'ke', 'Wisata', 'Baru', 'di', 'Lereng', 'Merapi', 'Museum', 'Terbuka', 'Bakalan']",<FreqDist with 10 samples and 10 outcomes>,<FreqDist with 10 samples and 10 outcomes>,"['yuk', 'ke', 'wisata', 'baru', 'di', 'lereng', 'rapi', 'museum', 'buka', 'bakal']"
11,Prakiraan Cuaca Jateng Desember Berpotensi Hujan Sore Nanti,"BMKG memprakirakan cuaca Jawa Tengah akan hujan pada sore hingga malam nanti.
Tak hanya itu ada potensi hujan lebat di Jawa Tengah akan disertai angin
kencang dan petir.

 BMKG Stasiun meteorologi Ahmad Yani Semarang memprakirakan cuaca di Jawa
Tengah akan cerah berawan pada pagi sampai siang nanti.

 ""Sore awal malam hujan ringan-sedang tersebar tidak merata dengan waktu
bervariasi. Hujan sedang-lebat yang dapat disertai petir dan angin kencang
berpotensi terjadi di sebagian daerah pegunungan. Waspada bencana
hidrometeorologi seperti banjir, tanah longsor, angin kencang, dan sambaran
petir,"" kata prakirawan, Arif N, dalam info cuacanya, Minggu (12/12/2021).

 Berikut prakiraan cuaca Jawa Tengah berlaku pukul 07.00-19.00 WIB:

 Cilacap, Kebumen, Purworejo, Klaten, Sukoharjo, Wonogiri, Rembang, Pati,
Jepara, Demak, Kendal, Batang, Pemalang, Brebes, Surakarta, Semarang,
Pekalongan, dan Tegal.

 Purwokerto, Mungkid, Boyolali, Sragen, Purwodadi, Blora, Kudus, Ungaran,
Kajen, Slawi, Magelang, Salatiga, Bumiayu, Majenang, dan Ambarawa.

 Purbalingga, Banjarnegara, Wonosobo, Karanganyar, dan Temanggung.

 ","['Prakiraan', 'Cuaca', 'Jateng', 'Desember', 'Berpotensi', 'Hujan', 'Sore', 'Nanti']",<FreqDist with 8 samples and 8 outcomes>,<FreqDist with 8 samples and 8 outcomes>,"['prakira', 'cuaca', 'jateng', 'desember', 'potensi', 'hujan', 'sore', 'nanti']"
12,Jokowi NU dan Pembangunan SDM,"yang akan diselenggarakan pada 23-25 Desember 2021 di Lampung kali ini sangat
penting dan strategis karena dua hal. Pertama

 Sebagai organisasi keagamaan terbesar di Indonesia dengan merujuk pada
beberapa temuan seperti LSI yang menunjukkan bahwa warga muslim di Indonesia
yang teridentifikasi sebagai NU sebesar 49,5 persen dan temuan Alvara Research
Center dalam riset Potret Keberagamaan Muslim Indonesia menemukan sebesar 50,3
persen penduduk mengaku berafiliasi dengan NU, Presiden Joko Widodo menaruh
perhatian serius terhadap masa depan NU.

 Sebagaimana diutarakan Presiden Joko Widodo pada Harlah ke-95 Nahdlatul Ulama
dalam pidatonya yang mengatakan ""Di tengah perubahan dan tantangan zaman yang
semakin kompleks, NU juga selalu berada di garda terdepan dalam membela
kepentingan bangsa dan negara. Kita semua melihat bukti Nahdlatul Ulama
berperan besar dalam mencerdaskan kehidupan bangsa.......,""

 Begitu juga dalam beberapa kesempatan saya berdiskusi dengan Presiden Joko
Widodo tentang NU, Presiden mengharapkan NU menjadi episentrum pertumbuhan
ekonomi umat dan pembangunan sumber daya manusia (SDM).

 Presiden sejak awal menempatkan pembangunan SDM sebagai fondasi utama
pembangunan Indonesia Maju sebagaimana dijabarkan dalam visi-misi pemerintahan
Joko Widodo-Ma'ruf Amin tentang peningkatan kualitas manusia Indonesia yang
menekankan pengembangan sistem pendidikan, revitalisasi pendidikan dan
pelatihan vokasi, menumbuhkan kewirausahaan, serta menguatkan kesetaraan
gender dan pemberdayaan perempuan.

 Visi-misi pemerintah tersebut menjadikan NU sangat strategis dalam
mensukseskan agenda pembangunan SDM karena memiliki jamaah yang besar dan
infrastruktur pendidikan yang menjangkau seluruh wilayah di Indonesia. NU
memiliki semuanya untuk menjadi pilar pembangunan SDM berkualitas sehingga
dapat menopang kebangkitan Indonesia menjadi the emerging super power yang
bermuara pada kemaslahatan umat.

 Saya mengenal Presiden Jokowi sebagai sosok yang memiliki ketulusan hati
(qolbun salim) untuk membangun hubungan emosional yang baik dengan NU.
Sehingga di era ini, peran NU menjadi sangat strategis dan bernilai baik dari
sisi peran sosial (Wazhifah Ijtima'iyah), dan juga peran kebangsaan (Wazhifah
Wathaniyah).

 Maka dalam Muktamar NU di Lampung yang akan datang, menurut hemat saya perlu
adanya diskursus yang mengarusutamakan dua hal penting yaitu pembangunan
ekonomi umat dan pengembangan sumber daya manusia.

 Memulai langkah besar pembangunan SDM merupakan waktu yang tepat karena
Indonesia tengah menghadapi the windows of opportunity dengan meningkatnya
working age population melebihi angka dependency ratio. Artinya, Indonesia
tengah menikmati bonus demografi.

 Tentu, setiap peluang dan kesempatan kalau tidak dimanfaatkan akan menjadi
bencana, begitu juga dengan bonus demografi. Apabila manusianya tidak memiliki
kualitas pendidikan yang memadai, karakter kuat, dan keterampilan maka akan
berbalik menjadi the windows of disaster dengan menjadi beban sosial dan
ekonomi.

 Nabi Muhammad SAW diutus ke dunia adalah ""li utammima makaarimal akhlaq"",
dalam rangka ikhtiar menyempurnakan akhlak. Artinya, pembangunan manusia akan
dimulai dari pembangunan karakter (character building).

 Kerja-kerja ini sejatinya sudah secara mengakar dilakukan oleh komunitas NU
yang salah satu bentengnya adalah pesantren. Gagasan pesantren merdeka adalah
sebuah ikhtiar untuk menjembatani pendidikan pesantren yang dinilai cenderung
""tradisional"" dengan keniscayaan dunia yang penuh dengan kebaruan.

 Pesantren merdeka adalah upaya untuk menjadikan kaum santri sebagai manusia
seutuhnya, dengan berbagai macam ruang yang tersedia di pondok pesantren,
bukan hanya di mimbar-mimbar akademis. Untuk membangun pesantren merdeka,
dibutuhkan kolaborasi dan sinergi antara pemerintah, NU, pesantren itu
sendiri, dan pelaku usaha.

 Komitmen kuat negara untuk membangun pesantren merdeka ditunjukkan dengan
disahkannya UU Nomor 18 Tahun 2019 tentang Pesantren dan Perpres 82 tahun 2021
tentang Pendanaan Penyelenggaraan Pesantren mengenalkan skema baru yaitu Dana
Abadi Pesantren. Kedua regulasi ini menjadi pijakan utama akselerasi
pembangunan SDM melalui pesantren.

 Tidak hanya pada regulasi, pemerintah juga menunjukkan komitmen dan
keberpihakan pada pembangunan SDM melalui affirmative action salah satunya
LPDP Santri. Selain itu, untuk memperkuat vokasi santri, pemerintah membuat
Balai Latihan Kerja Komunitas di Pesantren. Keduanya, baik LPDP maupun BLK
ditujukan untuk mengakselerasi pembangunan SDM Santri.

 Pembangunan SDM juga harus ditopang oleh infrastruktur yang memadai, maka
pemerintah membangun sarana dan prasarana pesantren seperti asrama santri dan
pembangunan sanitasi pondok pesantren. Maka komunitas pesantren harus menjadi
tuan rumah di negeri sendiri, dan negara sudah menunjukkan keberpihakannya
sebagaimana kaidah ""Tasharruful Imam 'Ala Raiyyah Manuthun Bil Maslahah"",
dasar dari kebijakan pemerintah adalah kemaslahatan.

 Dukungan besar pemerintah kepada pembangunan SDM santri menunjukkan bahwa NU
sangat strategis sebagai episentrum pembangunan SDM Indonesia yang
berkualitas, maka perlu rumusan peta jalan pembangunan SDM NU. Memulainya,
membutuhkan usaha sistematis yang komprehensif seperti investasi besar-besaran
NU untuk perbaikan kualitas guru, infrastruktur yang memadai, perbaikan
manejerial, dan perbaikan kurikulum yang adaptif.

 Pesantren merdeka tetap berpegang teguh pada nilai, metodologi, dan kurikulum
keagamaan yang menjadi keunggulan NU dan adaptif mengadopsi kurikulum modern
berbasis perubahan mutakhir seperti Science, Technology, Engineering,
Mathematics (STEM) serta memberikan ruang kepada santri untuk berkreasi baik
di dalam maupun di luar pesantren.

 Fondasi pesantren merdeka terletak pada keseimbangan pendidikan keagamaan dan
STEM dengan memadukan metode keterhubungan satu sama lain, kolaborasi, dan
kreasi bersama (connectedness, collaboration, and co-creation). Dengan
demikian, pesantren merdeka membutuhkan platform teknologi untuk menciptakan
pendidikan bagi semua sehingga santri dapat memilih kebutuhan belajar sesuai
minat, tujuannya mendorong terciptanya nilai dan kreasi baru.

 Tentu grand design pesantren merdeka tidak akan berhasil apabila hanya
menggunakan pendekatan top down dimana NU sebagai institusi mendesain
pesantren merdeka sebagai sebuah platform modernisasi pendidikan pesantren,
semuanya butuh partisipasi dan kolaborasi orang-orang terbaik NU untuk mulai
ambil peran salah satunya adalah dengan mulai mengkonsolidasikan diaspora NU
untuk membangun pesantren merdeka dengan transfer ilmu pengetahuan kepada
santri NU.

 Pesantren merdeka harus menjadi rumah besar bersama dengan mengedepankan
kolaborasi. Langkah taktis untuk memulainya dapat melalui inisiasi konsorsium
riset NU. Langkah ini tidak hanya akan meningkatkan inovasi dan paten santri
tetapi bagian dari pilar utama pembangunan SDM masa depan.

 Tentu yang terpenting dari semuanya adalah komitmen kuat bersama untuk
mendorong peningkatan kualitas pesantren agar menjadi episentrum pembangunan
SDM NU dan umumnya SDM Indonesia. Menutup tulisan ini, saya mengutip pidato
Presiden yang mengatakan ""Mari kita dukung terus NU agar bergerak dan terus
berkontribusi untuk kehidupan bangsa dan memajukan peradaban dunia dengan
islam nusantara yang rahmatan lil alamin"".

 ","['Jokowi', 'NU', 'dan', 'Pembangunan', 'SDM']",<FreqDist with 5 samples and 5 outcomes>,<FreqDist with 5 samples and 5 outcomes>,"['jokowi', 'nu', 'dan', 'bangun', 'sdm']"
13,Kena Sindir Polisi Konser Pamungkas di Lombok Batal,"Konser

 Bukan tanpa alasan, pembubaran konser Pamungkas masih berkaitan dengan duka
Lombok saat ini yang tengah di landa banjir.

 Diketahui, banjir di Lombok beberapa hari lalu menewaskan 5 orang anak dan
merusak ribuan rumah. Maka dari itu, konser Pamungkas dibatalkan.

 Menurut informasi, pihak Polres Lombok Barat mendatangi lokasi konser
Pamungkas di Hotel Holiday Resort Senggigi. Saat itu, penonton sudah banyak
yang datang untuk bersiap menyaksikan aksi panggung pelantun lagu To The Bone
ini.

 Saat itu, pihak Polres Lombok Barat langsung menghentikan konser dengan
berbicara pada panitia penyelenggara.

 ""Saya perintahkan kepada panitia atau penyelenggara tidak melaksanakan
kegiatan musik yang dapat menimbulkan kerumunan,"" ujar salah seorang petugas,
dikutip detikcom dari video yang beredar di media sosial, Sabtu (11/12/2021).

 Bukan hanya itu saja, jika konser tersebut masih dilanjutkan maka kepolisian
akan bertindak tegas.

 Polisi meminta agar Pamungkas dan tim tak melanjutkan konser tersebut di
Lombok untuk saat ini.

 ""Tolong sementara disetop dulu pak,"" tegas salah seorang polisi.

 Dalam hal ini, polisi meminta empati untuk maryarakat Lombok yang tengah
tertimpa bencana banjir.

 Sempat polisi itu menegaskan bahwa Menteri Sosial baru saja menyambangi Lombok
untuk melihat keadaan pascabencana. Maka polisi juga meminta agar tak ada aksi
yang dianggap hura-hura di daerah tersebut.

 ""Baru saja Menteri Sosial membesuk pengungsi, akibat banjir longsor 5 orang
meninggal,"" tuturnya.

 ""Di sini mau bermusik, mau berhura-hura? Dimana empatinya? Jangan laksanakan
pak ya. Kalau tetap dilaksanakan saya akan proses sesuai ketentuan yang
berlaku,"" tegasnya lagi.

 Diketahui, harusnya Pamungkas akan naik ke panggung pukul 19.00 WITA, kemarin
malam. Namun hingga 21.00 WITA Pamungkas tak kunjung naik ke panggung.

 Pada unggahan Instagram Stories Pamungkas beberapa jam lalu juga menjelaskan
hal yang tengah menimpanya. Ia bahkan berseloroh jika kepergiannya ke Lombok
cuma sebatas untuk Rapid Antigen saja lalu kembali pulang ke rumah.

 ""Ke Lombok numpang antigen lalu pulang lagi,"" tutur Pamungkas.

 ","['Kena', 'Sindir', 'Polisi', 'Konser', 'Pamungkas', 'di', 'Lombok', 'Batal']",<FreqDist with 8 samples and 8 outcomes>,<FreqDist with 8 samples and 8 outcomes>,"['kena', 'sindir', 'polisi', 'konser', 'pamungkas', 'di', 'lombok', 'batal']"
14,Status Gunung Awu Waspada PVMBG Akitivitas Vulkanik Meningkat,"Tingkat aktivitas Gunung Awu yang terletak Kepulauan Sangihe, Sulawesi Utara
meningkat dari status level 1 (normal) menjadi level 2 (waspada) pada Minggu
(12/12/2021) pukul 10.00 WITA. Peningkatan level tersebut dikarenakan adanya
peningkatan aktivitas vulkanik yang terpantau sejak September - Desember 2021.

 Badan Geologi melalui Kepala Pusat Vulkanologi dan Mitigasi Bencana Geologi
(PVMBG) Andiani mengatakan, berdasarkan pengamatan visual dari pos pantau
Gunung Awu belum terlihat adanya perubahan aktivitas permukaan yang
signifikan. Pada periode September - Desember asap dari kawah utama belum
teramati dari puncak gunung yang memiliki tinggi 1.320 meter tersebut.

 Sementara itu dari aktivitas kegempaan, petugas pos pantau Gunung Awu mencatat
ada peningkatan aktivitas vulkanik berupa gempa yang berkisar 7-26 kejadian
per hari. Kejadian vulkanik tersebut mengindikasikan adanya tekanan magma dari
dalam gunung api tersebut.

 ""Sebelumnya maksimum 5 kejadian per hari,"" ujar Kepala PVMBG Andiani dalam
konferensi pers daring, Minggu (12/12/2021).

 Terkait potensi bahaya, Andiani mengatakan ada potensi terjadinya erupsi
magmatik berupa lontaran lava pijar maupun erupsi fraktif yang menyemburkan
gas. Selain itu, ia juga menyebut bila terjadi pembongkaran kubah lava bisa
muncul potensi aliran lahar yang terbawa oleh air hujan.

 ""Bahaya lainnya adalah emisi gas dari dalam gunung api seperti CO, CO2, H2SN2
dan CH4. Gas-gas tersebut bisa membahayakan jiwa, jika konsentrasi yan dihirup
lebih dari batas aman,"" ujar Andiani.

 Ia mengatakan, interval erupsi Gunung Awu berkisar 1-100 tahun. Gunung api ini
memiliki potensi erupsi dengan eksplosivitas tinggi dan secara historis paling
banyak menelan korban dibandingkan gunung api lainnya di Sulawesi Utara. Ia
juga menyebut Gunung Awu pernah memakan korban sedikitnya 5.301 jiwa dan
menjadikannya sebagai gunung api paling mematikan keempat di Indonesia.

 Terakhir Gunung Awu erupsi pada Juni 2004, ketika itu terjadi erupsi yang
menghasilkan kolom erupsi setinggi 2 KM di atas puncak kawah dan menyisakan
kubah lava di dalam kawahnya yang memiliki diameter sekitar 370 meter dan
tinggi 30 meter.

 ""Berdasarkan evaluasi, maka terhitung pada 12 Desember 2021 pukul 10 WITA,
tingkat aktivitas Gunung Awu dinaikkan dari level 1 normal ke level 2
waspada,"" tegas Andiani.

 Pihaknya pun memberikan rekomendasi agar warga atau wisatawan tak melaksanakan
aktivitas dalam radius 1 KM dari puncak Gunung Awu. Andiani pun meminta agar
masyarakat tetap tenang dan tak terpancing isu-isu terkait aktivitas Gunung
Awu selain dari sumber yang terpercaya seperti Badan Geologi atau pemerintah
setempat.

 ""Masyarakat juga diimbau untuk mengikuti arahan dari BPBD dan berkoordinasi
dengan pos pengamatan Gunung Awu. Selain itu bisa memantau perkembangannya
melalui aplikasi Magma Indonesia yang bisa diakses website,"" pungkas Andiani.

 ","['Status', 'Gunung', 'Awu', 'Waspada', 'PVMBG', 'Akitivitas', 'Vulkanik', 'Meningkat']",<FreqDist with 8 samples and 8 outcomes>,<FreqDist with 8 samples and 8 outcomes>,"['status', 'gunung', 'awu', 'waspada', 'pvmbg', 'akitivitas', 'vulkanik', 'tingkat']"
15,Gawat Hutan Amazon Terancam Kehancuran,"Hutan hujan Amazon merupakan salah satu paru-paru dunia yang sangat penting
perannya bagi planet Bumi ini. Nah, beberapa ilmuwan melontarkan prediksi
suram, bahwa

 Seperti dikutip detikINET dari Futurism, bisa jadi hutan Amazon akan
bertransformasi menjadi padang savana kering hanya dalam waktu kurang lebih 5
tahun lagi.

 Hal itu ditegaskan oleh Luciana Gatti, peneliti iklim senior di Brazillian
National Institute for Space Research. Ia menyebut bahwa memang Amazon sudah
dekat dengan ancaman bencana lingkungan total kecuali ada langkah antisipasi
yang dilakukan dengan cepat dan tepat, terutama oleh pemerintah.

 ""Hutan Amazon ini akan segera kolaps. Kita memang sudah berada dalam sebuah
situasi darurat, maka kita perlu untuk beraksi sekarang juga. Hal ini
merupakan sebuah mimpi buruk,"" cetusnya.

 Gatti adalah satu dari 200 pakar yang beberapa waktu lalu ambil bagian dalam
investigasi terhadap hutan Amazon, Science Panel for the Amazon. Laporan
mereka yang telah dirilis, mengidentifikasi beberapa faktor yang membuat

 Pemicu utama adalah kian naiknya suhu udara global terkait fenomena perubahan
iklim serta begitu maraknya penebangan hutan Amazon. Hal ini menjadi resep
berubahnya lingkungan di sana menjadi padang savana dengan rumput kering,
bukan lagi hutan yang selama ini dikenal orang.

 Lantaran waktunya sangat terbatas, ilmuwan tersebut merekomendasikan aksi
harus segera dilakukan, minimal dengan melarang seluruh upaya penebangan

 ","['Gawat', 'Hutan', 'Amazon', 'Terancam', 'Kehancuran']",<FreqDist with 5 samples and 5 outcomes>,<FreqDist with 5 samples and 5 outcomes>,"['gawat', 'hutan', 'amazon', 'ancam', 'hancur']"
16,Kentucky AS Luluh Lantak Diterjang Tornado Biden Tetapkan Keadaan Darurat,"Wilayah Kentucky,

 ""Sebelum tengah malam saya telah mengumumkan

 Beshear mengatakan kumpulan tornado adalah yang paling merusak dalam sejarah
negara bagian itu. Dia mengatakan sekitar 40 pekerja telah diselamatkan di
pabrik lilin di kota Mayfield, di mana masih ada sekitar 110 orang yang
terperangkp di dalam puing-puing. Pihaknya telah menetapkan keadaan darurat.

 ""Kehancuran itu tidak seperti apa pun yang saya lihat dalam hidup saya dan
saya kesulitan mengungkapkannya dengan kata-kata,"" kata Beshear pada
konferensi pers. ""Kemungkinan besar lebih dari 100 orang hilang di sini di
Kentucky.""

 Guna memastikan warga memiliki air minum yang dapat digunakan, Beshear
mengatakan ""dua traktor-trailer berisi air"" menuju ke Mayfield.

 Presiden Joe Biden juga telah menyetujui deklrasi keadaan darurat tersebut.
Dia juga memerintahkan bantuan federal ke Kentucky.

 Sementara itu, Biden juga menyebut bencana tornado ini adalah yang terbesar
dalam sejarah.

 ""Salah satu wabah tornado terbesar dalam sejarah kita,"" kata Joe Biden,
seperti dilansir dari AFP, Minggu (12/12/2021).

 Biden menyebut hal ini adalah tragedi. Dia khawatir korban terus bertambah.

 ""Ini adalah tragedi. Dan kami masih belum tahu berapa banyak nyawa yang hilang
dan tingkat kerusakan total,"" katanya dalam komentar yang disiarkan televisi,
menjanjikan bantuan federal untuk lima negara bagian yang rusak akibat badai.

 ","['Kentucky', 'AS', 'Luluh', 'Lantak', 'Diterjang', 'Tornado', 'Biden', 'Tetapkan', 'Keadaan', 'Darurat']",<FreqDist with 10 samples and 10 outcomes>,<FreqDist with 10 samples and 10 outcomes>,"['kentucky', 'as', 'luluh', 'lantak', 'terjang', 'tornado', 'biden', 'tetap', 'ada', 'darurat']"
17,Desember Kelabu Bagi Warga Sekitar Semeru,", bagi warga Dusun Kajar Kuning, Desa Sumberwuluh, Kecamatan Candipuro,
Lumajang selalu kelabu. Sebab, potensi erupsi Semeru selalu menghantui setiap
musim hujan.

 Sabtu (4/12), Sumaiyah bergegas menyiapkan sarapan untuk suaminya, usai
memandikan putri mereka. Namun sang suami yang merasa kenyang mengunyah
singkong godog dan segelas kopi, keburu pamitan menambang pasir di sungai
aliran lahar dekat rumah mereka.

 ""Cuacanya mendung terus, mumpung belum hujan deras jadi suami saya cepetan
nambang pasir. Katanya nanti siang saja makan nasinya,"" tutur perempuan 30
tahun itu, Minggu (12/12/2021).

 Beranjak siang, cuaca makin tak bersahabat. Hujan deras turun sekitar pukul
13.30 WIB. Namun hujan hari itu berlangsung tak lama. Suami Sumaiyah, Slamet
Santoso pun memilih pulang untuk istirahat dan makan siang. Lagi pula, para
penambang harus selalu waspada munculnya banjir bandang jika intensitas hujan
tinggi seperti hari ini. Menepi, dipilih mereka agar terhindar dari bencana
yang tiba-tiba datang.

 Slamet pulang lalu mandi dan salat zuhur. Sumaiyah kemudian menyiapkan makanan
yang sedari pagi telah matang diolah. Namun ketika tangan Slamet memegang
piring siap mengambil nasi, terdengar teriakan orang kampung mengabarkan
Semeru erupsi.

 ""Saya saut anak saya dalam gendongan, kami berlari kencang menuju bukit. Semua
sangat cepat terjadi, tak ada tanda apa-apa sebelumnya. Gemuruh Semeru
mengacaukan pikiran kami, hujan kerikil makin deras menimpa kepala. Untung
nenek sempat menyaut selimut, jadi bisa nutupi kepala anak saya,"" kata Iyah
dengan terbata.

 Warga dusun semua berlarian menuju bukit. Suasana gelap gulita membuat semakin
mencekam. Tangisan para perempuan dan anak-anak nyaris tak terdengar, tertutup
suara Semeru.

 ""Seperti tak ada harapan hidup. Kami di bukit dalam kondisi gelap, kanan kiri
tebing jurang. Salah langkah sedikit saja, pasti jatuh ke jurang. Banyak pohon
tumbang. Di sana kami bertahan sampai kelihatan cahaya terang dari matahari,
sekitar setengah jam,"" ungkap ibu dengan satu putri ini.

 Begitu awan hitam berangsur terbawa angin, cahaya matahari melegakan hati
warga dusun. Mereka bergegas turun, karena ada suara toa petugas keamanan.
Petugas lalu membawa mereka ke lokasi pengungsian di Desa Penanggal.
Perjalanan ke Penanggal sekitar tiga kilometer, diselimuti pandangan nanar
para pengungsi.

 Mereka melihat, banyak rumah atapnya ambruk dan tertutup debu hitam Semeru.
Banyak korban melepuh kulitnya terkena awan panas tak sempat mencari tempat
berlindung. Mereka semua diam, sampai turun dari mobil dan mencari tempat
nyaman untuk selonjorkan kaki.

 ","['Desember', 'Kelabu', 'Bagi', 'Warga', 'Sekitar', 'Semeru']",<FreqDist with 6 samples and 6 outcomes>,<FreqDist with 6 samples and 6 outcomes>,"['desember', 'kelabu', 'bagi', 'warga', 'sekitar', 'meru']"
18,Mobil Relawan UNS Solo Tertimbun Lahar Dingin Semeru Berhasil Dievakuasi,"Solo yang sempat tertimbun lahar dingin berhasil dievakuasi. Sebelumnya, mobil
watgas bencana ini sempat terendam lahar dingin Gunung Semeru, di Dusun Kamar
Kajang, Desa Sumberwuluh, Candipuro, Lumajang.

 Proses evakuasi dibantu sejumlah relawan yang kesehariannya bertugas dalam
proses pencarian korban erupsi Gunung Semeru.

 Komandan Rescue pada Indonesia Off Road Federation (IOF) Aku Selalu Untukmu
(Asu Kabeh), Mugiso mengatakan evakuasi mobil berjenis Toyota Hilux hitam ini
membutuhkan waktu selama 3 hari, sejak mobil dilaporkan diterjang lahar
dingin.

 Proses evakuasi yang cukup lama itu disebabkan panasnya lahar yang menimbun
mobil tersebut. Kemudian juga terkendala cuaca yang sering mendung dan hujan.
Sehingga, proses evakuasi sering berhenti di tengah jalan.

 ""Beruntung hari Jumat cuaca sedang cerah, dan aktivitas Gunung Semeru, landai,
akhirnya kita sekuat tenaga dan dibantu relawan lain, melakukan evakuasi,
Jumat sore pukul 14:15 WIB,"" ujar Mugiso, Sabtu (11/12/2021).

 Selain itu, proses evakuasi juga membutuhkan banyak peralatan. Hingga akhirnya
mobil bisa dievakuasi menggunakan bantuan alat berat seperti ekskavator.

 Mugiso menambahkan mobil tersebut akan diantar ke Solo. Namun, karena kondisi
mobil sudah rusak dan tak bisa dioperasikan, pihaknya masih menunggu towing
untuk membantu membawa mobil.

 ""Kalau mobil towing datang, langsung diantar ke Solo, karena mobilnya rusak
parah tidak bisa dikemudikan, sementara ditaruh di Lapangan Candipuro,"" jelas
Mugiso.

 Sebelumnya, mobil tersebut diterjang

 Sedangkan mobil tidak bisa lari karena bannya terganjal batu besar. Alhasil,
mobil tersebut terjebak dan tenggelam dalam material vulkanik lahar dingin
dari erupsi Gunung Semeru.

 ","['Mobil', 'Relawan', 'UNS', 'Solo', 'Tertimbun', 'Lahar', 'Dingin', 'Semeru', 'Berhasil', 'Dievakuasi']",<FreqDist with 10 samples and 10 outcomes>,<FreqDist with 10 samples and 10 outcomes>,"['mobil', 'rawan', 'uns', 'solo', 'timbun', 'lahar', 'dingin', 'meru', 'hasil', 'evakuasi']"
19,Bantuan Korban Erupsi Semeru Terus Mengalir,"Bantuan pada korban

 Kali ini, bantuan datang dari Kalemdiklat Polri Komjen Rycko Amelza Dahniel.
Rycko mendatangi posko terpadu penanganan bencana hingga memastikan trauma
healing pada korban berjalan lancar.

 ""Kegiatan ini disertai dengan pemberian bantuan berupa uang tunai sebesar
Rp650 juta dan Rp390 juta berupa sembako, serta peralatan lainnya kepada
korban terdampak bencana,"" kata Rycko di Lumajang, Sabtu (11/12/2021).

 Dalam kunjungannya, Rycko ditemani Kapolda Jawa Timur Irjen Nico Afinta dan
jajaran Lemdiklat Polri. Rombongan ini sempat bertemu Pangdam V/Brawijaya
Mayjen TNI Nurchahyanto dan Forkopimda Lumajang untuk melakukan koordinasi
penanganan bencana.

 Tak hanya itu, Rycko juga memberikan pengarahan SOP penanganan bencana pada
sejumlah mahasiswa. Seperti mahasiswa PTIK, Taruna Akpol dan siswa Bintara SPN
Mojokerto, siswa Bintara Sepolwan hingga siswa Tamtama Pusdik Brimob
Watukosek.

 ""Kami memberikan arahan terkait Standar Operasional Prosedur (SOP) dalam
penanggulangan bencana alam, serta mekanisme dan pengelolaan bencana alam,""
imbuhnya.

 ","['Bantuan', 'Korban', 'Erupsi', 'Semeru', 'Terus', 'Mengalir']",<FreqDist with 6 samples and 6 outcomes>,<FreqDist with 6 samples and 6 outcomes>,"['bantu', 'korban', 'erupsi', 'meru', 'terus', 'alir']"
20,Terungkap Misteri Viral Kelebat Cahaya Merah di Semeru,"Video adanya penampakan

 Dalam video yang beredar, tampak video tersebut diambil dari pos pantau

 Cahaya merah tersebut tampak begitu jelas karena video direkam pada malam
hari. Cahaya tersebut terlihat berkelebat.

 Video tersebut tampak tidak berputar secara lancar alias tersendat-sendat. Di
dalam video tersebut terdengar suara dua orang pria yang mengomentari
kemunculan cahaya merah yang berkelebat.

 Sesaat cahaya merah tersebut muncul, kedua pria tersebut terdengar menangis
histeris. Mereka juga mengucapkan doa dan meminta pengampunan kepada Tuhan.

 Netizen ramai mengaitkan hal tersebut dengan hal klenik. Namun Pusat
Vulkanologi dan Mitigasi Bencana Geologi (PVMBG) mempunyai penjelasan ilmiah
terkait cahaya merah tersebut.

 Lantas apa sebenernya cahaya yang muncul itu?

 Koordinator Kelompok Mitigasi Gunung Api Badan Geologi

 ""Yang menyebarkan bukan orang pos pantau. Selama ini banyak sekali netizen
memposting video saat ke pos pantau, lalu memberi ulasan sendiri,"" kata
Kristianto saat dihubungi, Sabtu (11/12/2021).

 ""Itu adalah cahaya panas dari kubah lava yang ada di kawah. Dan itu sudah
menjadi keseharian dari Gunung Semeru,"" tambahnya.

 Dia menjelaskan kemunculan cahaya merah tersebut sebagai hal yang biasa
terjadi pada malam hari. Cahaya tersebut hanya terekam kamera yang telah di-
setting khusus.

 ""Kenapa dia seolah-olah naik ke atas? Itu kan ada asap yang mengepul, cahaya
dari kubah lava ini kelihatan hanya malam. Kalau siang tidak. Itu menggunakan
kamera kecepatan rendah,"" jelasnya.

 ""Suhu yang panas itu seolah kebawa api, padahal itu efek radiasi dari cahaya.
Cahaya di bawah tapi kelihatan seperti lampu karena ada asap itu. Sementara
itu, ada aliran lava ke bawah, sepanjang sekitar 700 meter. Di bawah juga kan
itu menyala di ujung,"" tambah Kristianto.

 

 ","['Terungkap', 'Misteri', 'Viral', 'Kelebat', 'Cahaya', 'Merah', 'di', 'Semeru']",<FreqDist with 8 samples and 8 outcomes>,<FreqDist with 8 samples and 8 outcomes>,"['ungkap', 'misteri', 'viral', 'kelebat', 'cahaya', 'merah', 'di', 'meru']"
21,GoTo YABB Salurkan Bantuan untuk Korban Erupsi Gunung Semeru,"GoTo, perusahaan teknologi yang menaungi Gojek, Tokopedia dan GoTo Financial
bersama Yayasan Anak Bangsa Bisa (YABB) yang berkomitmen membantu masyarakat
untuk membangun kembali menjadi lebih baik, hari ini menyalurkan bantuan
tanggap darurat bagi masyarakat yang terdampak bencana alam erupsi Gunung
Semeru.

 Hal ini dilakukan sebagai upaya gotong royong membangun optimisme masyarakat
menghadapi masa pandemi dan bencana alam.

 GoTo dan YABB menyalurkan bantuan tanggap darurat tersebut melalui Badan
Penanggulangan Bencana Daerah (BPPD) Kabupaten Lumajang, yang diserahkan
secara langsung di Gedung Soedjono, Jl. Alun-Alun Selatan, Lumajang.
Selanjutnya bantuan tersebut akan didistribusikan ke posko-posko pengungsian
yang ditentukan oleh pemerintah setempat.

 Tidak hanya memberikan dukungan bagi masyarakat Lumajang berupa bantuan
tanggap darurat, GoTo bersama YABB dalam waktu dekat akan menggelar
penggalangan dana untuk pemulihan wilayah yang terdampak bencana.

 ""GoTo dan YABB turut berduka cita atas bencana alam yang menimpa saudara kita
di Lumajang. Kami berharap dampak bencana ini dapat segera teratasi dan kita
dapat #BangkitBersama untuk pemulihan pascabencana,"" ujar Chief Corporate
Affairs GoTo, Nila Marita dalam keterangan tertulis, Sabtu (11/12/2021).

 ""Di masa tanggap darurat ini, kami memberikan bantuan yang sifatnya mendesak
dan dibutuhkan masyarakat sehingga dapat meringankan saudara-saudara kita yang
terdampak. Kami juga siap mendukung dan bekerja sama dengan berbagai pihak
untuk menyalurkan dukungan pemulihan warga dan wilayah yang terdampak
bencana,"" lanjutnya.

 Sementara itu, Chairwoman YABB, Monica Oudang menyampaikan empatinya terhadap
masyarakat yang terdampak bencana alam erupsi Gunung Semeru. Dia berharap
daerah serta seluruh warga Lumajang dapat kembali pulih.

 ""Upaya gotong royong menjadi semangat YABB untuk #BangkitBersama menjadi lebih
baik. Semoga upaya ini dapat memberikan banyak manfaat serta memberikan
inspirasi ke semakin banyak institusi untuk mendukung pemulihan daerah yang
terdampak,"" katanya.

 Di sisi lain, Kabid Pencegahan Kesiapsiagaan dan Logistik BPBD Lumajang Wawan
Hadi Siswoyo mengapresiasi bantuan yang diberikan oleh GoTo dan YABB.

 ""Gerakan yang dicanangkan GoTo ini sejalan dengan semangat yang ingin kami
tularkan bagi warga yang terdampak bencana di Lumajang ini. Kami terima amanah
ini dan akan segera kami sampaikan ke para warga yang membutuhkan,"" terangnya.

 Diketahui, bantuan tanggap darurat GoTo dan YABB terdiri dari puluhan ton
paket, termasuk perlengkapan tidur di pos pengungsian, selimut, kasur, tikar,
terpal, kebutuhan balita, dan makanan dalam kemasan yang siap saji. Karena
masih dalam situasi pandemi, paket bantuan juga dilengkapi dengan ribuan
masker dan vitamin.

 Turut bergabung dalam penyerahan bantuan, komunitas Mitra Driver Gojek Malang
Raya dan Surabaya Raya sebagai wujud solidaritas dan gotong royong kemanusiaan
para mitra.

 ","['GoTo', 'YABB', 'Salurkan', 'Bantuan', 'untuk', 'Korban', 'Erupsi', 'Gunung', 'Semeru']",<FreqDist with 9 samples and 9 outcomes>,<FreqDist with 9 samples and 9 outcomes>,"['goto', 'yabb', 'salur', 'bantu', 'untuk', 'korban', 'erupsi', 'gunung', 'meru']"
22,Korban Erupsi Semeru Jengkel Daerahnya Jadi Ajang SelfieTempat Wisata Dadakan,"Duka masih melanda para korban

 Hal ini terlihat dalam video yang menampakkan 3 remaja putri dan warga asik
berselfi ria. Mereka tertawa dan bergaya di sungai aliran lahar dari Gunung
Semeru. Seakan-akan meteka senang dan menikmati kondisi alam yang sedang
bahaya ini.

 Aksi tidak terpuji ini, membuat jengkel dan derita bagi korban. Karena saat
ini korban bencana erupsi Gunung Semeru saat ini sedang berduka. Bahkan lokasi
yang berbahaya seolah-olah menjadi tempat wisata dadakan.

 ""Kami berharap petugas yang berjaga di lokasi untuk melakukan penertiban dan
pelarangan warga, yang hanya datang untuk foto dan video kecuali wartawan yang
sedang melakukan tugas jurnalistik nya,"" ujar warga Dusun Renteng Kecamatan
Candipuro, Sabtu (11/12/2021).

 Mereka juga menyayangkan banyaknya masyarakat yang juga melakukan selfie di
beberapa tempat. Diantaranya di 5 dusun yakni, Dusun Kamar Kajang, Renteng,
Gondeli di Kecamatan Candipuro, dan Dusun Kajar Kuning, Dusun Curah Kobokan
masuk zona merah bencana erupsi Gunung Semeru.

 Hal yang sama diungkapkan oleh Rohman, warga Dusun Renteng. Dirinya mengaku
apa yang dilakukan oleh wisatawan dadakan ini sangat menyakitkan. Luka derita
korban erupsi masih belum sembuh.

 ""Kami berharap petugas melarang keras, warga yang datang hanya untuk melihat
dan asik berfoto ria, masak pantas orang kesusahan malah dibuat ajang wisata""
tegas Rohman.

 Korban dan warga terdampak erupsi

 ","['Korban', 'Erupsi', 'Semeru', 'Jengkel', 'Daerahnya', 'Jadi', 'Ajang', 'SelfieTempat', 'Wisata', 'Dadakan']",<FreqDist with 10 samples and 10 outcomes>,<FreqDist with 10 samples and 10 outcomes>,"['korban', 'erupsi', 'meru', 'jengkel', 'daerah', 'jadi', 'ajang', 'selfietempat', 'wisata', 'dada']"
23,Joe Biden Sebut Tornado di Lima Negara di AS Terbesar Dalam Sejarah,"menerjang

 ""Salah satu wabah tornado terbesar dalam sejarah kita,"" kata Joe Biden,
seperti dilansir dari AFP, Minggu (12/12/2021).

 Biden menyebut hal ini adalah tragedi. Dia khawatir korban terus bertambah.

 ""Ini adalah tragedi. Dan kami masih belum tahu berapa banyak nyawa yang hilang
dan tingkat kerusakan total,"" katanya dalam komentar yang disiarkan televisi,
menjanjikan bantuan federal untuk lima negara bagian yang rusak akibat badai.

 Tornado menerjang Kentucky, Amerika Serikat (AS). Sebanyak 50 orang
dikhawatirkan tewas di negara bagian AS itu.

 ""Saya khawatir ada lebih dari 50 orang tewas di Kentucky ... mungkin mendekati
antara antara 70 dan 100 orang, itu menghancurkan,"" kata Gubernur Kentucky,
Andy Beshear pada konferensi pers Sabtu (11/12) pagi waktu setempat seperti
diberitakan kantor berita AFP, Sabtu (11/12/2021).

 Beshear mengatakan bahwa sebagian besar kehancuran berpusat di wilayah Graves
County, termasuk kota Mayfield. Dia menambahkan bahwa badai ini adalah
""peristiwa tornado paling parah dalam sejarah Kentucky"".

 Lebih lanjut, Gubernur Kentucky itu mengatakan runtuhnya atap di sebuah pabrik
lilin ""mengakibatkan korban massal"" di kota Mayfield. Dia mengatakan bahwa
telah mengumumkan keadaan darurat.

 ""Sebelum tengah malam saya telah mengumumkan keadaan darurat,"" kata Beshear.

 Guna memastikan warga memiliki air minum yang dapat digunakan, Beshear
mengatakan ""dua traktor-trailer berisi air"" menuju ke Mayfield.

 Tornado itu adalah salah satu dari banyak badai yang muncul pada Jumat (10/12)
malam waktu setempat ketika garis badai kuat melanda wilayah AS bagian tengah.

 ","['Joe', 'Biden', 'Sebut', 'Tornado', 'di', 'Lima', 'Negara', 'di', 'AS', 'Terbesar', 'Dalam', 'Sejarah']",<FreqDist with 11 samples and 12 outcomes>,<FreqDist with 11 samples and 12 outcomes>,"['di', 'joe', 'biden', 'sebut', 'tornado', 'lima', 'negara', 'as', 'besar', 'dalam', 'sejarah']"
24,Seorang Santri di Lebak Meninggal Dunia Tertimpa Batu yang Longsor,"Seorang

 Peristiwa longsornya bebatuan cadas itu setelah diguyur hujan sejak Jumat
(10/11) malam hingga ,Sabtu dini hari pukul 01.30 WIB.

 Namun, sekitar pukul 02.00 WIB terjadi longsoran bebatuan cadas di atas bukit
setinggi 15 meter menimpa bangunan ponpes setempat. Di mana bangunan ponpes
tersebut terdapat seorang santri tertidur dan korban tertimpa bebatuan cadas
cukup besar pada bagian dada dan pinggang.

 Mendengar ada suara longsor itu sejumlah santri juga pengelola ponpes
melakukan evakuasi dan pertolongan terhadap korban dan dilarikan ke RSUD
Adjidamo Rangkasbitung karena mengalami sesak dan meninggal dunia.

 Emar (35), isteri KH Basri pengelola ponpes mengatakan santri yang meninggal
itu, termasuk salah satu yang sudah lama belajar di pesantren setempat.

 Korban tinggal sudah tujuh tahun, namun tidak menyangka terkena
musibah.Bangunan ponpes miliknya itu kondisinya di atas tebing atau perbukitan
cadas.

 Mereka jumlah santri yang belajar di sini tercatat 24 orang dan semuanya warga
Kabupaten Lebak.

 ""Kami sudah menyampaikan surat kepada aparatur desa/ kelurahan dan kecamatan
agar waspada bencana alam menghadapi cuaca ekstrem, "" katanya menjelaskan.

 ","['Seorang', 'Santri', 'di', 'Lebak', 'Meninggal', 'Dunia', 'Tertimpa', 'Batu', 'yang', 'Longsor']",<FreqDist with 10 samples and 10 outcomes>,<FreqDist with 10 samples and 10 outcomes>,"['orang', 'santri', 'di', 'lebak', 'tinggal', 'dunia', 'timpa', 'batu', 'yang', 'longsor']"
25,ASN Kota Pasuruan Urunan Bantu Korban Erupsi Semeru,"Simpati dan dukungan korban erupsi

 Para ASN menyumbang Rp 10 ribu hingga Rp 50 ribu hingga terkumpul lebih dari
Rp 100 juta. Uang yang terkumpul langsung dikirim lagi ke Baznas Lumajang.

 ""Alhamdulillah teman-teman ASN tergugah dan secara mandiri urunan untuk
membantu korban letusan Gunung Semeru,"" kata Wali Kota Pasuruan Saifullah
Yusuf (Gus Ipul), Sabtu (11/12/2021).

 Menurut Gus Ipul bantuan ini berasal dari para ASN di lingkungan Pemerintah
Kota Pasuruan serta para guru ASN yang berada di Kota Pasuruan.

 ""Hasil sementara Rp 107.614.000 sudah disetor ke Baznas Kabupaten Lumajang.
Donasi masih terus berlangsung dan nanti kalau sudah terkumpul akan langsung
dikirim lagi ke Baznas Lumajang,"" jelas Gus Ipul.

 Sebelum mengirimkan bantuan, Pemkot Pasuruan juga telah berkoordinasi dengan
Pemkab Lumajang dan disarankan untuk mengirimkan bantuan uang ke Baznas
Lumajang. Sengaja donasi uang karena untuk barang sudah banyak yang
menyumbang.

 ""Uang ini selanjutnya akan digunakan untuk membantu perbaikan rumah yang
hancur akibat letusan Gunung Semeru,"" ungkap Gus Ipul.

 Sementara itu, selain mengirimkan bantuan uang,

 Dua tim telah diberangkatkan sejak sehari Paska letusan. Masing-masing
bergabung melalui jalur Dampit, Malang serta satu lagi tim bergabung lewat
jalur Probolinggo Lumajang.

 Selain mengirimkan tim terlatih juga dikirimkan satu unit mobil damkar besar
dengan kapasitas 5.000 liter air yang akan membantu membersihkan jalanan dari
debu erupsi Semeru.

 ""Kota Pasuruan juga mengirimkan aneka bantuan di antaranya terpal, makanan
siap saji, obat-obatan, tenda, selimut, makanan bayi, beras serta logistik
lainnya. Setiap ada bencana otomatis kita akan membantu. Kemarin sejak
mendengar ada letusan langsung saya perintahkan untuk dikirimkan bantuan ke
saudara-saudara kita yang ada di Lumajang,"" pungkas Gus Ipul.

 ","['ASN', 'Kota', 'Pasuruan', 'Urunan', 'Bantu', 'Korban', 'Erupsi', 'Semeru']",<FreqDist with 8 samples and 8 outcomes>,<FreqDist with 8 samples and 8 outcomes>,"['asn', 'kota', 'pasuruan', 'urun', 'bantu', 'korban', 'erupsi', 'meru']"
26,BNPB Korban Tewas Akibat Erupsi Semeru Jadi Orang Orang Hilang,"memperbarui data korban meninggal akibat

 Angka itu berdasarkan data terakhir yang tercatat pada Sabtu (11/12/2021)
pukul 18.00 WIB. Hingga saat ini korban tewas menjadi 46 orang.

 ""Sementara 9 orang masih dinyatakan hilang. Kemudian korban luka berat
tercatat 18 jiwa dan luka ringan 11 jiwa,"" kata Plt Kepala Pusat Data,
Informasi, dan Komunikasi Kebencanaan BNPB Abdul Muhari dalam keterangan
tertulisnya, Sabtu (11/12/2021).

 Data warga yang mengungsi sampai hari ini berjumlah 9.118 jiwa. Dari total
angka tersebut, jumlah penyintas laki-laki 4.435 jiwa dan perempuan 4.683
jiwa.

 Proses pendataan penyintas masih terus dimutakhirkan setiap harinya. Saat ini
BNPB yang dibantu para relawan membantu untuk penguatan pendataan di lapangan
sehingga data terpilah, khususnya kelompok rentan, dapat terdata dengan lebih
baik.

 Para penyintas tersebar di 115 titik pos pengungsian, di antaranya terpusat di
18 titik di 3 kecamatan, yaitu Kecamatan Pasirian 6 titik (2.081 jiwa),
Candipuro 8 titik (3.538), dan Pronojiwo 4 titik (1.056).

 Sebanyak 94 titik lain tersebar di Kabupaten Lumajang, di antaranya Sukodono
10 titik (334 jiwa), Sumbersuko 8 titik (312), Lumajang 12 titik (380),
Yosowilangun 4 titik (70), Pasrujambe 2 titik (197), Randuagung 9 titik (52),
Senduro 7 titik (131), Tekung 4 titik (68), Jatiroto 4 titik (90), Kunir 5
titik (171), Klakah 7 titik (55), Kedungjajang 9 titik (61 jiwa), Gucialit 2
titik (15), Tempusari 1 titik (21), Padang 4 titik (205), Ranuyoso 1 titik
(31) dan

 Dalam upaya penanganan darurat ini, pemerintah daerah mengaktivasi pos komando
(posko) yang berlokasi di Kecamatan Pasirian. Posko Penanganan Darurat Bencana
Awan Panas dan Guguran Erupsi Gunung Semeru didukung dua Pos Sub Satgas I
(Lumajang) yang berada di Desa Candipuro, Kecamatan Candipuro dan Pos Sub
Satgas II (Malang) di Desa Oro-oro Ombo, Kecamatan Pronojiwo.

 Masih di bawah kendali Posko, pos logistik bantuan dipusatkan di Pendopo
Bupati Lumajang, sedangkan Pos Pendukung Lapangan berada di Desa Penanggal,
Kecamatan Candipuro.

 Selain pada operasi pencarian dan pertolongan, Posko juga mengutamakan
pelayanan kepada warga terdampak serta pemulihan sarana dan prasarana yang
terdampak abu vulkanik.

 ","['BNPB', 'Korban', 'Tewas', 'Akibat', 'Erupsi', 'Semeru', 'Jadi', 'Orang', 'Orang', 'Hilang']",<FreqDist with 9 samples and 10 outcomes>,<FreqDist with 9 samples and 10 outcomes>,"['orang', 'bnpb', 'korban', 'tewas', 'akibat', 'erupsi', 'meru', 'jadi', 'hilang']"
